Date,Discharge
2020-01-01,160.44538695766974
2020-01-02,62.97344726041551
2020-01-03,46.96103308540264
2020-01-04,77.75012953300511
2020-01-05,161.48391851006988
2020-01-06,146.01182502855954
2020-01-07,110.00514174251892
2020-01-08,127.17195047161066
2020-01-09,102.15983898079391
2020-01-10,116.90596394070569
2020-01-11,191.6518990143215
2020-01-12,82.31712813223453
2020-01-13,72.60478789884078
2020-01-14,24.51721521057278
2020-01-15,79.03758963659385
2020-01-16,158.52831897925896
2020-01-17,193.45285037187912
2020-01-18,47.95826978820609
2020-01-19,196.83295481924765
2020-01-20,32.93316365948796
2020-01-21,33.282352568686676
2020-01-22,148.15958393928076
2020-01-23,81.84484341312837
2020-01-24,117.1508960156653
2020-01-25,170.2717647453114
2020-01-26,50.88549755800782
2020-01-27,153.41837500789754
2020-01-28,87.35934918844201
2020-01-29,49.21319849704642
2020-01-30,17.222691015017958
2020-01-31,157.6451138826126
2020-02-01,151.41298942163826
2020-02-02,59.58090502076569
2020-02-03,28.07177943457361
2020-02-04,108.3241502661895
2020-02-05,105.09237264918274
2020-02-06,17.83943688653316
2020-02-07,24.22293281625943
2020-02-08,10.88483299384579
2020-02-09,116.39754973068953
2020-02-10,92.35037379732307
2020-02-11,178.2650394471464
2020-02-12,191.86184579824967
2020-02-13,68.11426856212434
2020-02-14,23.54659897686907
2020-02-15,134.32875301151262
2020-02-16,197.97311640975877
2020-02-17,112.55699940423304
2020-02-18,106.07130345775576
2020-02-19,110.03498871594876
2020-02-20,177.85174171516985
2020-02-21,173.2364113285275
2020-02-22,55.24584984339074
2020-02-23,198.92925350190438
2020-02-24,120.76337202821979
2020-02-25,190.9934721281869
2020-02-26,52.969236632151805
2020-02-27,142.95928650588817
2020-02-28,124.91503386103915
2020-02-29,120.26410475610162
2020-03-01,96.06900967774813
2020-03-02,78.13539388913904
2020-03-03,128.00561899592793
2020-03-04,103.25308810970094
2020-03-05,126.35174290879029
2020-03-06,108.07356763563763
2020-03-07,181.4201465237672
2020-03-08,134.9795679638343
2020-03-09,113.02561070886271
2020-03-10,113.15690398931221
2020-03-11,20.040672467374062
2020-03-12,197.04934671862353
2020-03-13,66.8898715225218
2020-03-14,154.28286336178934
2020-03-15,84.44376785392197
2020-03-16,104.05186289420027
2020-03-17,187.31114998773202
2020-03-18,48.23461827931144
2020-03-19,89.75549409379697
2020-03-20,150.94453501577453
2020-03-21,99.76809181110428
2020-03-22,126.98519210767998
2020-03-23,62.58586408254362
2020-03-24,129.9437151012811
2020-03-25,184.63678679883392
2020-03-26,109.29293542491939
2020-03-27,117.0150818122566
2020-03-28,40.29348492581441
2020-03-29,116.87937662003314
2020-03-30,102.9759012471218
2020-03-31,37.14182514371572
2020-04-01,124.48458531471559
2020-04-02,179.03430707713468
2020-04-03,121.84693841473216
2020-04-04,154.99950262128218
2020-04-05,164.50389178206146
2020-04-06,140.61929798919792
2020-04-07,79.00147487313868
2020-04-08,111.2106344643543
2020-04-09,127.81693199786503
2020-04-10,31.244843396584997
2020-04-11,11.602971048968657
2020-04-12,45.9992956046226
2020-04-13,61.452747728259176
2020-04-14,86.99689057459756
2020-04-15,125.97398972324707
2020-04-16,76.48660069667119
2020-04-17,119.7363110243931
2020-04-18,132.73994382397314
2020-04-19,123.75946697725341
2020-04-20,100.77086712996514
2020-04-21,164.92865744889087
2020-04-22,77.41651348380998
2020-04-23,121.45668715288362
2020-04-24,86.76241740046714
2020-04-25,132.49718322458062
2020-04-26,100.96473741090304
2020-04-27,154.76372139231316
2020-04-28,149.00603413928144
2020-04-29,118.80850480438778
2020-04-30,48.326153637431744
2020-05-01,160.50464900809095
2020-05-02,16.924059206428275
2020-05-03,69.81761484716012
2020-05-04,97.38812631377769
2020-05-05,16.76854223465368
2020-05-06,36.16048200971467
2020-05-07,185.9241638585103
2020-05-08,174.09851573548528
2020-05-09,81.20609177615883
2020-05-10,92.2403203664441
2020-05-11,76.44567751463984
2020-05-12,75.73524638578319
2020-05-13,20.913091425697655
2020-05-14,64.89334873125527
2020-05-15,28.10782352550601
2020-05-16,46.08228990808935
2020-05-17,171.42843805870248
2020-05-18,130.71804336378517
2020-05-19,14.169838414353922
2020-05-20,171.04939817576124
2020-05-21,27.269778719935637
2020-05-22,189.3422426125478
2020-05-23,13.872405239830423
2020-05-24,179.6878853869941
2020-05-25,167.58124042750183
2020-05-26,162.55536727626776
2020-05-27,88.5606482505036
2020-05-28,165.9029162009937
2020-05-29,73.1045890829215
2020-05-30,167.33336379924546
2020-05-31,16.923687557613423
2020-06-01,175.5690050574145
2020-06-02,108.73872005630604
2020-06-03,65.78629312163989
2020-06-04,128.44813294661583
2020-06-05,34.20868193656731
2020-06-06,166.9055827649964
2020-06-07,164.17303799963227
2020-06-08,48.36423924065872
2020-06-09,109.48714983378423
2020-06-10,127.54201958631661
2020-06-11,166.5728186833146
2020-06-12,157.69869006793581
2020-06-13,76.39291701717691
2020-06-14,157.80553646471859
2020-06-15,67.25455088075137
2020-06-16,199.9364543011723
2020-06-17,184.90096292088256
2020-06-18,185.56672275001853
2020-06-19,154.0896494003785
2020-06-20,93.21029258337417
2020-06-21,153.29794703618867
2020-06-22,69.21237991956657
2020-06-23,84.41700459543976
2020-06-24,116.07099499913211
2020-06-25,183.12414960713815
2020-06-26,65.57148738525717
2020-06-27,102.78791783131783
2020-06-28,84.89934153963195
2020-06-29,69.73632591786276
2020-06-30,146.57137232933022
2020-07-01,164.58446671498905
2020-07-02,43.31924726039689
2020-07-03,134.3952252896404
2020-07-04,191.43283188467953
2020-07-05,55.89908876872612
2020-07-06,171.22693047148175
2020-07-07,34.26664704030449
2020-07-08,128.0638800534132
2020-07-09,186.60476868980487
2020-07-10,98.69339874819735
2020-07-11,84.60263824576296
2020-07-12,148.09966171948867
2020-07-13,140.35515170334506
2020-07-14,76.31796239762299
2020-07-15,39.138348286360724
2020-07-16,14.731760603724613
2020-07-17,54.020652901387926
2020-07-18,166.7682151210792
2020-07-19,45.48439427715671
2020-07-20,44.79678987176357
2020-07-21,191.87300314020717
2020-07-22,86.50771015587442
2020-07-23,133.53108208196142
2020-07-24,160.44630921122882
2020-07-25,168.612038805393
2020-07-26,69.27143859280248
2020-07-27,114.21757660538432
2020-07-28,116.02316896798263
2020-07-29,21.290672192952453
2020-07-30,32.29675834224782
2020-07-31,16.378708546822907
2020-08-01,84.10642613908377
2020-08-02,90.89188432362523
2020-08-03,141.33856279748045
2020-08-04,83.2284234768611
2020-08-05,151.91885506797064
2020-08-06,150.07457653010965
2020-08-07,138.32509975066029
2020-08-08,57.46558670722308
2020-08-09,102.80057253646798
2020-08-10,157.11012725242185
2020-08-11,139.8085970982829
2020-08-12,95.11945508754722
2020-08-13,156.95030767150533
2020-08-14,45.521379982607705
2020-08-15,115.48697588987233
2020-08-16,56.53790843341339
2020-08-17,149.37388753962355
2020-08-18,143.967720263444
2020-08-19,142.3869801230785
2020-08-20,30.883818956975702
2020-08-21,169.60542721852605
2020-08-22,52.7617100378709
2020-08-23,192.09658929430574
2020-08-24,79.11367883094209
2020-08-25,75.01720563557903
2020-08-26,140.30855732197162
2020-08-27,194.79762309714937
2020-08-28,197.94701801124037
2020-08-29,159.36037316961372
2020-08-30,105.16792316752232
2020-08-31,34.063039350688996
2020-09-01,83.7016671215711
2020-09-02,86.80669460060409
2020-09-03,116.83147062763965
2020-09-04,43.85117483007608
2020-09-05,175.1493762749148
2020-09-06,70.14444128358477
2020-09-07,43.288388597522726
2020-09-08,159.22521773362993
2020-09-09,123.64639740326966
2020-09-10,147.15976472599968
2020-09-11,55.86503877354485
2020-09-12,39.320550305602445
2020-09-13,17.415487089581
2020-09-14,77.97844596601182
2020-09-15,192.64450210064302
2020-09-16,178.2734970973257
2020-09-17,21.24992484098162
2020-09-18,51.66495119526873
2020-09-19,160.89497609739306
2020-09-20,188.05587050561962
2020-09-21,173.65350504043147
2020-09-22,11.739147182024093
2020-09-23,153.58440291597023
2020-09-24,162.19513742612278
2020-09-25,179.74066396127353
2020-09-26,181.67755869301882
2020-09-27,70.13648558102496
2020-09-28,123.13917464834607
2020-09-29,184.28236576016397
2020-09-30,53.526209241269235
2020-10-01,109.21288275947036
2020-10-02,164.03073387278528
2020-10-03,186.7440856354649
2020-10-04,79.24824769738257
2020-10-05,109.45361616104232
2020-10-06,102.85162157715914
2020-10-07,134.06162263092358
2020-10-08,15.819255764721106
2020-10-09,199.34913818176457
2020-10-10,126.98554276097477
2020-10-11,58.51369436507252
2020-10-12,145.04149385552296
2020-10-13,194.7397248799097
2020-10-14,47.77346393357183
2020-10-15,63.176684582024706
2020-10-16,10.967803858732818
2020-10-17,43.43044877449804
2020-10-18,149.62097755318698
2020-10-19,113.22760255316842
2020-10-20,53.165223319601
2020-10-21,14.03913665012658
2020-10-22,129.30331078260835
2020-10-23,56.42687974451782
2020-10-24,112.52082284605511
2020-10-25,158.04847727210256
2020-10-26,19.697491219183984
2020-10-27,40.678415456825654
2020-10-28,180.8072256890309
2020-10-29,156.5843866086495
2020-10-30,165.54053669351438
2020-10-31,129.96493316104673
2020-11-01,167.5077715413872
2020-11-02,19.58098762090097
2020-11-03,138.08396299563623
2020-11-04,173.16266437949164
2020-11-05,196.46633270075165
2020-11-06,164.66758157046544
2020-11-07,143.2440704304816
2020-11-08,39.67686018539402
2020-11-09,103.27124414705905
2020-11-10,70.44284682408315
2020-11-11,174.1522317539965
2020-11-12,188.89816106542787
2020-11-13,16.215994021883322
2020-11-14,37.78628799322174
2020-11-15,180.61428122546806
2020-11-16,100.81941890176002
2020-11-17,195.7670864096108
2020-11-18,38.06389800895026
2020-11-19,180.3860182903268
2020-11-20,109.9252144506699
2020-11-21,128.25244391108086
2020-11-22,99.67453903213962
2020-11-23,192.1024219621574
2020-11-24,38.9063238917897
2020-11-25,78.90754784965927
2020-11-26,161.75754332034765
2020-11-27,181.13274586195436
2020-11-28,197.52248411574269
2020-11-29,49.755670592123835
2020-11-30,74.5034225764793
2020-12-01,60.23146780225345
2020-12-02,94.51691772718375
2020-12-03,99.72062298515301
2020-12-04,88.21508364875724
2020-12-05,188.51595397896892
2020-12-06,164.03482150842663
2020-12-07,183.91466429564514
2020-12-08,48.96343251542821
2020-12-09,16.144170192568602
2020-12-10,168.68448706657105
2020-12-11,35.14516727703063
2020-12-12,68.7175610198878
2020-12-13,25.733955778320237
2020-12-14,123.21146013050435
2020-12-15,153.61759511465564
2020-12-16,75.14299807525386
2020-12-17,92.35358315673936
2020-12-18,60.06584837958866
2020-12-19,36.73861000037924
2020-12-20,160.85314738206395
2020-12-21,106.0030624546318
2020-12-22,90.0502886428472
2020-12-23,124.40703496855183
2020-12-24,67.78195137972831
2020-12-25,125.16480945380628
2020-12-26,175.69233848440064
2020-12-27,36.649171860133016
2020-12-28,63.34185135215453
2020-12-29,126.56576089761852
2020-12-30,139.29340617748088
2020-12-31,113.70387513412877
2021-01-01,173.41026914152496
2021-01-02,13.00050570532244
2021-01-03,59.35377765685439
2021-01-04,187.62269086926315
2021-01-05,80.48633750822188
2021-01-06,73.02432738312781
2021-01-07,151.46364535855926
2021-01-08,132.13362265574526
2021-01-09,139.3499913314706
2021-01-10,149.43751648031702
2021-01-11,95.3169628486444
2021-01-12,34.36125851461877
2021-01-13,123.7769917639193
2021-01-14,99.51296961000108
2021-01-15,15.33393470278858
2021-01-16,113.4767319321688
2021-01-17,28.81076045673152
2021-01-18,85.79630619894675
2021-01-19,155.96177196201617
2021-01-20,29.80785049156406
2021-01-21,29.173236454786533
2021-01-22,175.67970681423603
2021-01-23,113.95029840550148
2021-01-24,138.8576711843675
2021-01-25,36.44953559017823
2021-01-26,99.086884809808
2021-01-27,153.26886513952974
2021-01-28,21.49133435199525
2021-01-29,115.22113527927911
2021-01-30,155.13617321499808
2021-01-31,65.91191919694487
2021-02-01,144.1105716516188
2021-02-02,136.40492914799648
2021-02-03,82.07628862149042
2021-02-04,43.34930960309823
2021-02-05,88.88361376174718
2021-02-06,17.271324582776835
2021-02-07,86.21721460805784
2021-02-08,26.06580721757478
2021-02-09,164.81929491584287
2021-02-10,39.23897368822949
2021-02-11,73.07987955381304
2021-02-12,42.880970633082065
2021-02-13,31.381675005378415
2021-02-14,174.88369636307874
2021-02-15,85.52166754496443
2021-02-16,89.92213780979269
2021-02-17,74.43838913834146
2021-02-18,68.9959015284676
2021-02-19,153.27748153289716
2021-02-20,124.37830210598102
2021-02-21,176.04435596971774
2021-02-22,108.55663689992029
2021-02-23,192.0226068675976
2021-02-24,187.2327648060513
2021-02-25,78.76162187878799
2021-02-26,44.173513428805286
2021-02-27,107.89579557103833
2021-02-28,31.198100284364116
2021-03-01,15.467584193411785
2021-03-02,172.93633251038023
2021-03-03,165.55238079091333
2021-03-04,104.53529951402459
2021-03-05,178.1076960708038
2021-03-06,161.1640979421656
2021-03-07,159.5953479352321
2021-03-08,56.40918556600819
2021-03-09,197.85691178728192
2021-03-10,123.172364122303
2021-03-11,81.6123021709344
2021-03-12,76.06598636413626
2021-03-13,24.82148648567955
2021-03-14,112.60454241737158
2021-03-15,66.17211474314945
2021-03-16,56.74068148394882
2021-03-17,72.72828480381975
2021-03-18,17.807104630086798
2021-03-19,62.502786894987956
2021-03-20,51.398499656369715
2021-03-21,82.03634453075053
2021-03-22,91.13069043313965
2021-03-23,12.772089655250667
2021-03-24,135.53424429489309
2021-03-25,74.166889230888
2021-03-26,14.313892417640316
2021-03-27,113.5984245516392
2021-03-28,149.2365770644356
2021-03-29,168.46706140923138
2021-03-30,11.401423125147305
2021-03-31,13.229947990252779
2021-04-01,165.34453991580833
2021-04-02,29.38972730139284
2021-04-03,155.7268344052772
2021-04-04,87.89039911759448
2021-04-05,132.71983328375256
2021-04-06,85.72750399753889
2021-04-07,116.13951291056115
2021-04-08,29.404166418117327
2021-04-09,191.05082242371944
2021-04-10,120.30574777905123
2021-04-11,120.60525014617394
2021-04-12,84.6410404516614
2021-04-13,56.177113480697244
2021-04-14,126.55715841632494
2021-04-15,60.266507714701504
2021-04-16,80.70397438846483
2021-04-17,159.8415009860736
2021-04-18,99.61749355736983
2021-04-19,141.9710776903813
2021-04-20,27.89221268223445
2021-04-21,139.29928967083316
2021-04-22,181.28239401343146
2021-04-23,144.233674812003
2021-04-24,19.482485304428934
2021-04-25,154.5663433291398
2021-04-26,104.81816602992026
2021-04-27,170.51637812052834
2021-04-28,36.50261180147359
2021-04-29,87.88030705475242
2021-04-30,175.0804948039549
2021-05-01,41.662459109954014
2021-05-02,110.58252217385007
2021-05-03,26.450883641831954
2021-05-04,36.74135459778371
2021-05-05,194.5906796557362
2021-05-06,90.88046455067783
2021-05-07,28.62423220626463
2021-05-08,34.287821992432654
2021-05-09,78.4295789861929
2021-05-10,29.130625428216003
2021-05-11,93.1266904691203
2021-05-12,34.54685656239006
2021-05-13,155.55095169804122
2021-05-14,50.97416327503935
2021-05-15,106.37664022125968
2021-05-16,11.19343985202096
2021-05-17,177.64424251900076
2021-05-18,108.47974330034594
2021-05-19,59.31536016036265
2021-05-20,145.15991753734758
2021-05-21,61.59769317348941
2021-05-22,145.26252749195407
2021-05-23,84.78283760726667
2021-05-24,76.01590397587971
2021-05-25,171.8469793127866
2021-05-26,180.7327015548146
2021-05-27,13.394728397495602
2021-05-28,144.09407124443476
2021-05-29,116.84139145762876
2021-05-30,197.2014052076957
2021-05-31,73.33972742573042
2021-06-01,171.03988929686818
2021-06-02,114.702340185032
2021-06-03,60.04368405425077
2021-06-04,17.10537990876834
2021-06-05,125.00647540172669
2021-06-06,178.7157143409463
2021-06-07,122.97368674697665
2021-06-08,128.14857225839916
2021-06-09,41.173788817424324
2021-06-10,14.824905220877133
2021-06-11,68.93612351095145
2021-06-12,194.35794658792219
2021-06-13,74.9331868604982
2021-06-14,37.10586669837045
2021-06-15,154.97712704113775
2021-06-16,154.0584083011095
2021-06-17,107.12519054015084
2021-06-18,131.4251904033587
2021-06-19,198.78051974558136
2021-06-20,196.3584066040493
2021-06-21,164.38081574112726
2021-06-22,153.35963495669372
2021-06-23,132.0100411788007
2021-06-24,170.10378392111406
2021-06-25,154.04946042169678
2021-06-26,197.31341617525032
2021-06-27,134.30449055637547
2021-06-28,76.78903002836886
2021-06-29,91.19006677436721
2021-06-30,16.32558343566236
2021-07-01,49.44975203402384
2021-07-02,26.272027355334988
2021-07-03,67.33089856977725
2021-07-04,40.8072215243992
2021-07-05,37.341248454585184
2021-07-06,137.0672639319112
2021-07-07,75.13039718952986
2021-07-08,170.92204233182554
2021-07-09,125.90305777521372
2021-07-10,94.26539253094626
2021-07-11,164.00721662524793
2021-07-12,91.00967341032266
2021-07-13,176.62922373337125
2021-07-14,57.137298227110215
2021-07-15,76.34007861024409
2021-07-16,180.63971069875623
2021-07-17,13.470220407235276
2021-07-18,41.65097250631946
2021-07-19,104.97278344380942
2021-07-20,157.58663273061848
2021-07-21,172.64330456830692
2021-07-22,161.26527299527012
2021-07-23,32.51616454931766
2021-07-24,133.1911967644814
2021-07-25,100.85933278113093
2021-07-26,140.62171360132055
2021-07-27,12.995093885947977
2021-07-28,176.09564428575118
2021-07-29,56.3353119217254
2021-07-30,39.90023142263452
2021-07-31,150.15369033663066
2021-08-01,63.634138741264934
2021-08-02,95.05949093464835
2021-08-03,115.34959993377524
2021-08-04,28.131710097710776
2021-08-05,81.55780881070805
2021-08-06,25.38099518546544
2021-08-07,44.41514087399007
2021-08-08,47.817030548310214
2021-08-09,57.500694493144
2021-08-10,95.2933670967964
2021-08-11,26.462687347935418
2021-08-12,147.338034971447
2021-08-13,105.44024469665729
2021-08-14,121.07117276341496
2021-08-15,199.52115961026232
2021-08-16,126.50040061308678
2021-08-17,125.07096046861388
2021-08-18,128.15193524036482
2021-08-19,132.81431588661587
2021-08-20,136.4302922205312
2021-08-21,101.1110253938078
2021-08-22,96.20421328354212
2021-08-23,168.469553658861
2021-08-24,92.88021654128136
2021-08-25,43.063351095986626
2021-08-26,67.77357613409237
2021-08-27,70.74497879882526
2021-08-28,185.70379723227822
2021-08-29,58.054811421258414
2021-08-30,166.5390713360015
2021-08-31,136.3216343156637
2021-09-01,92.33542525764355
2021-09-02,155.60888126757104
2021-09-03,169.41890307729108
2021-09-04,160.17635551408685
2021-09-05,87.31667150536617
2021-09-06,183.20629800873684
2021-09-07,54.79838834087834
2021-09-08,102.90024846649949
2021-09-09,117.30373559460591
2021-09-10,37.36402200884329
2021-09-11,108.78950768049236
2021-09-12,115.8949081432576
2021-09-13,15.626901487446448
2021-09-14,79.07982561046437
2021-09-15,109.08828434671017
2021-09-16,11.385129220736472
2021-09-17,101.42309445951365
2021-09-18,136.11555147969995
2021-09-19,154.04633785649133
2021-09-20,10.290075511664275
2021-09-21,129.86327957077998
2021-09-22,156.3713340401692
2021-09-23,191.07116859883592
2021-09-24,104.35557427299588
2021-09-25,67.27076395574736
2021-09-26,144.18698759983442
2021-09-27,199.82589010808314
2021-09-28,159.01942420328052
2021-09-29,42.5010269351304
2021-09-30,129.13996115182835
2021-10-01,116.56450621134621
2021-10-02,134.04216509719794
2021-10-03,148.81354634990888
2021-10-04,181.83732164927537
2021-10-05,37.96322721158664
2021-10-06,169.52455785865385
2021-10-07,184.80216819253707
2021-10-08,35.97825978379633
2021-10-09,110.24388494794495
2021-10-10,182.62182511952193
2021-10-11,49.04596552491085
2021-10-12,199.45748217299214
2021-10-13,118.20444408409617
2021-10-14,115.78349899142498
2021-10-15,22.59987716345114
2021-10-16,93.62348573398793
2021-10-17,25.321656016906587
2021-10-18,194.5237129250001
2021-10-19,176.00319521399337
2021-10-20,23.7915028668236
2021-10-21,26.49026883441525
2021-10-22,164.56259657537555
2021-10-23,82.77582399195416
2021-10-24,76.25543080958501
2021-10-25,24.303197169799198
2021-10-26,117.65677795947938
2021-10-27,191.99682613804055
2021-10-28,23.14843680781482
2021-10-29,97.42065452730395
2021-10-30,89.7343564046636
2021-10-31,35.06571198312355
2021-11-01,37.628303629943304
2021-11-02,110.49799583289152
2021-11-03,77.60537746803367
2021-11-04,148.73886254931188
2021-11-05,77.18120058857612
2021-11-06,118.0238011995439
2021-11-07,90.3306540619941
2021-11-08,144.2511831298661
2021-11-09,42.2906300835259
2021-11-10,66.7257768607806
2021-11-11,144.66114982229942
2021-11-12,140.6209457752242
2021-11-13,69.90315083247314
2021-11-14,139.16803889568638
2021-11-15,11.349409706560223
2021-11-16,58.10730363427586
2021-11-17,47.06420456819788
2021-11-18,26.297859565049723
2021-11-19,113.6049547377675
2021-11-20,122.38665226748542
2021-11-21,117.75087805308391
2021-11-22,89.98539654918473
2021-11-23,193.4739370194548
2021-11-24,37.77478929928918
2021-11-25,186.51485342216515
2021-11-26,133.30879764680697
2021-11-27,186.87214141028045
2021-11-28,158.35603059823438
2021-11-29,179.51792443270872
2021-11-30,20.1714384967591
2021-12-01,39.808996551245116
2021-12-02,168.19722190735294
2021-12-03,90.64731532428864
2021-12-04,197.3266608082355
2021-12-05,47.60504642767817
2021-12-06,173.02733897729368
2021-12-07,177.86126838205877
2021-12-08,151.2963551461907
2021-12-09,134.7037302999969
2021-12-10,89.9974499776542
2021-12-11,32.14506926738134
2021-12-12,158.2424680271671
2021-12-13,72.90990796592723
2021-12-14,187.6268273114134
2021-12-15,124.74661451396504
2021-12-16,144.2196629349232
2021-12-17,170.92577860153685
2021-12-18,38.87679049319485
2021-12-19,169.58160406725767
2021-12-20,76.71787227511672
2021-12-21,137.4073974771957
2021-12-22,17.94857681947722
2021-12-23,56.94954790645256
2021-12-24,171.4852848958118
2021-12-25,131.23409865246452
2021-12-26,22.10306059453918
2021-12-27,15.340511181687916
2021-12-28,124.36217854009917
2021-12-29,68.85643013886528
2021-12-30,143.73179720662816
2021-12-31,185.81141023726718
2022-01-01,101.37061847491869
2022-01-02,145.52534554138649
2022-01-03,74.4737324895597
2022-01-04,50.41882677793859
2022-01-05,126.2954487529633
2022-01-06,176.46648746502484
2022-01-07,14.143522064736564
2022-01-08,100.00966337882038
2022-01-09,55.05590133111661
2022-01-10,90.40445262647572
2022-01-11,99.55581845406859
2022-01-12,35.06516422486368
2022-01-13,52.46021865790443
2022-01-14,38.319265737960635
2022-01-15,34.53402928032578
2022-01-16,77.0419008466809
2022-01-17,151.49249246319044
2022-01-18,186.16771958761115
2022-01-19,13.65468276683806
2022-01-20,85.12776338784158
2022-01-21,151.1958282175571
2022-01-22,51.97863693880617
2022-01-23,49.397828812294236
2022-01-24,187.9671921222672
2022-01-25,34.4717002161007
2022-01-26,100.74244361588633
2022-01-27,107.06264458446012
2022-01-28,190.80748644111546
2022-01-29,28.81572535644207
2022-01-30,75.31632754326894
2022-01-31,134.0518605318411
2022-02-01,26.5179436735514
2022-02-02,53.93943130495866
2022-02-03,199.97886678758437
2022-02-04,195.86136967310478
2022-02-05,177.65329648532597
2022-02-06,117.08996323432343
2022-02-07,91.68621356464986
2022-02-08,140.88398805182806
2022-02-09,106.13367662461268
2022-02-10,67.30747991887384
2022-02-11,103.55722504764326
2022-02-12,39.59140515648227
2022-02-13,64.23137635171952
2022-02-14,143.43669017354486
2022-02-15,155.39101177308945
2022-02-16,198.15703124108927
2022-02-17,26.224683914238874
2022-02-18,91.85225803182941
2022-02-19,110.42334629479654
2022-02-20,63.764674588873405
2022-02-21,102.74981129103016
2022-02-22,79.35084426969641
2022-02-23,52.40492469060284
2022-02-24,24.154670210177503
2022-02-25,115.37477722042603
2022-02-26,64.11110691916613
2022-02-27,31.47620975890781
2022-02-28,136.24446676655865
2022-03-01,111.69015475998374
2022-03-02,153.6387835122137
2022-03-03,100.8698058501844
2022-03-04,11.998032373281552
2022-03-05,188.13288761579219
2022-03-06,176.3401069948534
2022-03-07,83.70641157851003
2022-03-08,85.53948601609052
2022-03-09,180.84677536049577
2022-03-10,64.13090299281114
2022-03-11,54.13917980568909
2022-03-12,23.774733927377408
2022-03-13,113.69903984321707
2022-03-14,166.28821903403573
2022-03-15,75.8759256904421
2022-03-16,117.029760196214
2022-03-17,116.391149726208
2022-03-18,135.34421753289377
2022-03-19,153.81498239035201
2022-03-20,47.20142878981813
2022-03-21,20.860408728311054
2022-03-22,131.7130762478102
2022-03-23,35.37367821371353
2022-03-24,55.923173192074174
2022-03-25,42.1266949528923
2022-03-26,98.37664641492444
2022-03-27,71.63980042578441
2022-03-28,118.59109801672625
2022-03-29,145.92301488651523
2022-03-30,146.9668367554002
2022-03-31,17.93930333788505
2022-04-01,150.3392566438637
2022-04-02,75.85851986391975
2022-04-03,56.1924682299205
2022-04-04,149.0090852659569
2022-04-05,91.99555190949023
2022-04-06,101.32892596803485
2022-04-07,133.62424648745076
2022-04-08,26.578096028048243
2022-04-09,22.13777731821031
2022-04-10,71.80737514009941
2022-04-11,67.9293581137606
2022-04-12,71.16568669914493
2022-04-13,114.37576218044015
2022-04-14,135.23402563007517
2022-04-15,68.1342942051977
2022-04-16,157.32728383512725
2022-04-17,94.26158580672859
2022-04-18,128.2110435874715
2022-04-19,34.4898042489682
2022-04-20,64.51287109548558
2022-04-21,109.22373860127468
2022-04-22,191.27493445028782
2022-04-23,82.02174619661048
2022-04-24,58.53874066153151
2022-04-25,58.56982917614377
2022-04-26,52.647277217420914
2022-04-27,51.286792390696306
2022-04-28,186.19687192671495
2022-04-29,89.518823232236
2022-04-30,134.35187982238892
2022-05-01,57.51484070264114
2022-05-02,76.57316537258225
2022-05-03,111.37363106736507
2022-05-04,65.0053506199875
2022-05-05,176.7355572844735
2022-05-06,104.39204303204427
2022-05-07,137.51988361581007
2022-05-08,102.58058074788795
2022-05-09,172.65537653328798
2022-05-10,134.3990911245976
2022-05-11,59.21867713760032
2022-05-12,115.84004378919714
2022-05-13,132.11521532060982
2022-05-14,47.75853914463737
2022-05-15,94.53339787795375
2022-05-16,103.17990723382405
2022-05-17,130.9457314940928
2022-05-18,53.465666376925654
2022-05-19,162.85516784362878
2022-05-20,12.5731882405547
2022-05-21,20.788673964248463
2022-05-22,122.79471674048867
2022-05-23,23.154525361632178
2022-05-24,37.32416395668387
2022-05-25,178.96066708015047
2022-05-26,40.42963056573153
2022-05-27,95.85071043346679
2022-05-28,26.37491756498573
2022-05-29,105.4631354972422
2022-05-30,122.12411845153213
2022-05-31,135.91790285527003
2022-06-01,170.20331796749355
2022-06-02,121.71249911905278
2022-06-03,109.46483267901634
2022-06-04,47.4599620762517
2022-06-05,41.71885392278976
2022-06-06,163.5979978543895
2022-06-07,133.40622914376087
2022-06-08,123.21499121074146
2022-06-09,191.69000641487364
2022-06-10,91.57250177057232
2022-06-11,39.632423772066446
2022-06-12,167.6053260273647
2022-06-13,116.09264756917202
2022-06-14,102.26494317440998
2022-06-15,165.39393987224832
2022-06-16,130.04594838785522
2022-06-17,187.55077197018713
2022-06-18,187.98176337009542
2022-06-19,17.32951883434634
2022-06-20,48.46629412665638
2022-06-21,47.01388669637568
2022-06-22,31.748039273749054
2022-06-23,56.37277352364485
2022-06-24,81.14729103757634
2022-06-25,122.16169076593813
2022-06-26,128.6820875503863
2022-06-27,103.06174190032152
2022-06-28,127.7908762076534
2022-06-29,69.68048414289852
2022-06-30,128.3180878199056
2022-07-01,133.26681675787637
2022-07-02,83.02935241300865
2022-07-03,142.42832976416622
2022-07-04,131.7597583526558
2022-07-05,60.83728256936099
2022-07-06,46.01698264277892
2022-07-07,38.96682176159648
2022-07-08,34.31676076756822
2022-07-09,149.3312051242751
2022-07-10,161.6642126190813
2022-07-11,111.94006237341893
2022-07-12,20.360237393793916
2022-07-13,114.29052791448511
2022-07-14,79.66598514936287
2022-07-15,160.5491247712864
2022-07-16,193.0734611692201
2022-07-17,75.06653108228241
2022-07-18,50.61187696885976
2022-07-19,170.55780787069762
2022-07-20,153.72227503540435
2022-07-21,53.78135016314869
2022-07-22,195.81782358486655
2022-07-23,107.32960912829247
2022-07-24,38.22177689068569
2022-07-25,166.72815515151748
2022-07-26,181.45479508840486
2022-07-27,43.34787871675448
2022-07-28,91.48399208378424
2022-07-29,44.570691992545235
2022-07-30,80.54931945710398
2022-07-31,186.04606071552908
2022-08-01,125.88960375974982
2022-08-02,175.4458133950921
2022-08-03,123.2177333400331
2022-08-04,130.268185847153
2022-08-05,193.19157519811358
2022-08-06,70.78180446760825
2022-08-07,12.522776336877403
2022-08-08,38.36354093677783
2022-08-09,24.412665689723823
2022-08-10,106.12862747624163
2022-08-11,190.4136701348153
2022-08-12,192.63982656422127
2022-08-13,131.00055847650367
2022-08-14,36.25075323317278
2022-08-15,140.8592927587016
2022-08-16,18.52474263033576
2022-08-17,97.1366994620773
2022-08-18,32.97644744362505
2022-08-19,183.56519456399582
2022-08-20,194.08973507850246
2022-08-21,115.20296670910115
2022-08-22,56.19478670327985
2022-08-23,49.43692518169206
2022-08-24,126.60175399150863
2022-08-25,35.456990060480045
2022-08-26,132.47699151406846
2022-08-27,194.51629753990503
2022-08-28,145.00586106034788
2022-08-29,162.04555780222503
2022-08-30,67.48328358554276
2022-08-31,26.90338075745877
2022-09-01,174.20838936019322
2022-09-02,69.66063342506973
2022-09-03,144.59278590235488
2022-09-04,40.00955414539892
2022-09-05,126.05757305883263
2022-09-06,101.92992922837396
2022-09-07,33.67964998768602
2022-09-08,196.49321281033292
2022-09-09,64.49855884578133
2022-09-10,128.33225009978455
2022-09-11,124.78811198231924
2022-09-12,125.4197928772957
2022-09-13,160.93894993359302
2022-09-14,137.62543749027375
2022-09-15,77.41359685774297
2022-09-16,122.73098124914183
2022-09-17,176.2536518884439
2022-09-18,174.83218505499784
2022-09-19,196.46693986775995
2022-09-20,173.64797450368198
2022-09-21,33.069801314798205
2022-09-22,146.13413473748983
2022-09-23,101.28295631931258
2022-09-24,137.39350911898748
2022-09-25,160.89035674072716
2022-09-26,52.271481984343744
